,100percentfedup.com,Unnamed: 1,bias,Unnamed: 3,Unnamed: 4
0,21stcenturywire.com,,conspiracy,,
1,24newsflash.com,,fake,,
2,365usanews.com,,bias,conspiracy,
3,4threvolutionarywar.wordpress.com,,bias,conspiracy,
4,70news.wordpress.com,,fake,,
5,82.221.129.208,,conspiracy,fake,
6,aanirfan.blogspot.co.uk,,unreliable,,
7,abcnews.com.co,,fake,,
8,abcnewsgo.co,,fake,,
9,abeldanger.net,,conspiracy,,
10,abovetopsecret.com,,conspiracy,rumor,
11,abriluno.com,,satire,fake,
12,aceflashman.wordpress.com,,satire,,
13,Acting-Man.com,,unreliable,conspiracy,
14,activistpost.com,,conspiracy,,
15,addictinginfo.org,,clickbait,unreliable,
16,adobochronicles.com,,fake,,
17,advocate.com,,political,credible,
18,aheadoftheherd.com,,unknown,,
19,ahtribune.com,,unreliable,bias,
20,allnewspipeline.com,,unreliable,conspiracy,
21,Alt-Market.com,,unknown,,
22,alternet.org,,political,credible,
23,americanblog.com,,unknown,,
24,americanfreepress.net,,conspiracy,bias,
25,AmericanKabuki.blogspot.com,,junksci,,
26,americanlookout.com,,bias,clickbait,
27,americannews.com,,fake,,
28,americanoverlook.com,,fake,,
29,americanpatriotdaily.com,,bias,clickbait,bias
30,americanprogress.org,,unknown,,
31,americanreviewer.com,,conspiracy,,
32,americantoday.news,,rumor,bias,
33,americasfreedomfighters.com,,bias,clickbait,
34,AmmoLand.com,,bias,,
35,amplifyingglass.com,,clickbait,satire,
36,amren.com,,hate,conspiracy,
37,amtvmedia.com,,rumor,unreliable,
38,amusmentic.com,,clickbait,rumor,
39,ancient-code.com,,junksci,unreliable,
40,angrypatriotmovement.com,,conspiracy,,
41,anonews.co,,unreliable,,
42,anonhq.com,,unreliable,,
43,anonnews.co,,unreliable,,
44,anotherdayintheempire.com,,bias,conspiracy,
45,antiwar.com,,bias,unreliable,
46,antoniusaquinas.wp.com,,bias,conspiracy,
47,ArmstrongEconomics.com,,unknown,,
48,asia-pacificresearch.com,,unreliable,satire,
49,assassinationscience.com,,conspiracy,junksci,
50,associatedmediacoverage.com,,satire,,
51,attn.com,,political,clickbait,
52,AutomaticEarth.com,,unreliable,,
53,automotostar.com,,clickbait,,
54,awarenessact.com,,conspiracy,junksci,
55,awazetribune.com,,unknown,,
56,awdnews.com,,conspiracy,,
57,awm.com,,unreliable,bias,clickbait
58,BadSquad.com,,unknown,,
59,baptistnews.com,,unknown,,
60,barenakedislam.com,,hate,,
61,Barnhardt.biz,,unknown,,
62,BB4SP.com,,conspiracy,bias,bias
63,beehivebugle.com,,satire,,
64,beforeitsnews.com,,fake,conspiracy,rumor
65,betootaadvocate.com,,satire,,
66,bients.com,,clickbait,,
67,bigamericannews.com,,satire,fake,
68,bigbluedimension.com,,rumor,bias,
69,bigbluevision.com,,hate,,
70,bigbluevision.org,,clickbait,bias,
71,bighairynews.com,,fake,conspiracy,
72,bignuggetnews.com,,bias,rumor,
73,bigpzone.com,,,,
74,bipartisanreport.com,,clickbait,bias,
75,blackagendareport.com,,unreliable,,
76,blackgenocide.org,,unknown,,
77,blacklistednews.com,,clickbait,unreliable,
78,blog.uncommonwisdomdaily.com,,unknown,,
79,bluenationreview.com,,clickbait,unreliable,
80,Boilingfrogspost.com,,unreliable,,
81,borowitzreport.com,,satire,,
82,bostonleader.com,,fake,,
83,breaking911.com,,clickbait,unreliable,
84,breakpoint.org,,unknown,,
85,breitbart.com,,political,unreliable,bias
86,BrotherJohnF.com,,bias,conspiracy,
87,BullionBullsCanada.com,,conspiracy,,
88,burrardstreetjournal.com,,satire,,
89,buzzfeedusa.com,,fake,rumor,
90,bvanews.com,,unreliable,bias,fake
91,callthecops.net,,satire,,
92,canadafreepress.com,,conspiracy,bias,
93,cap-news.com,,fake,,
94,CaseyResearch.com,,unknown,,
95,cbsnews.com.co,,fake,,
96,celebtricity.com,,satire,,
97,centerforsecuritypolicy.org,,unknown,,
98,channel-7-news.com/,,fake,,
99,charismanews.com,,unknown,,
100,chaser.com.au,,satire,,
101,checkoutthehealthyworld.com,,junksci,clickbait,
102,chicksontheright.com,,clickbait,bias,
103,christianfightback.com,,hate,bias,
104,christianpost.com,,unknown,,
105,christiantimesnewspaper.com,,rumor,bias,
106,christwire.org,,satire,,
107,chronicle.su,,satire,,
108,chroniclesmagazine.org,,unknown,,
109,citizensunited.org,,unknown,,
110,city-journal.org,,unknown,,
111,cityworldnews.com,,fake,,
112,civictribune.com,,fake,,
113,clashdaily.com,,fake,conspiracy,bias
114,clickhole.com,,satire,,
115,cnnnext.com,,unreliable,,
116,CNSNews.com,,unreliable,bias,
117,coasttocoastam.com,,unreliable,,
118,Coinflation.com,,unknown,,
119,collective-evolution.com,,junksci,,
120,collectivelyconscious.net,,junksci,conspiracy,
121,ComingDepression.com,,unknown,,
122,commentarymagazine.com,,unknown,,
123,commondreams.org,,political,clickbait,
124,concisepolitics.com,,conspiracy,hate,
125,consciouslifenews.com,,junksci,,
126,conservapedia.com,,unknown,,
127,conservativebyte.com,,fake,bias,
128,conservativedailypost.com,,fake,unreliable,
129,conservativefiringline.com,,bias,conspiracy,clickbait
130,conservativefrontline.com,,unknown,,
131,conservativehq.com,,unknown,,
132,conservativeinfidel.com,,fake,conspiracy,
133,conservativeoutfitters.com,,unreliable,clickbait,
134,conservativepapers.com,,unknown,,
135,conservativerefocus.com,,conspiracy,,
136,conservativereview.com,,unknown,,
137,conservativespirit.com,,bias,,
138,conservativestate.com,,bias,,
139,conservativetribune.com,,bias,conspiracy,unreliable
140,consortiumnews.com,,credible,,
141,conspiracyplanet.com,,unknown,,
142,conspiracywire.com,,conspiracy,,
143,corbettreport.com,,conspiracy,,
144,corbettreport.com,,conspiracy,bias,
145,countdowntozerotime.com,,conspiracy,,
146,countercurrents.org,,political,unreliable,
147,counterinformation.wordpress.com,,political,,
148,counterpsyops.com,,conspiracy,,
149,counterpunch.com,,political,,
150,counterpunch.org,,political,,
151,cowgernation.com,,bias,conspiracy,
152,creambmp.com,,satire,fake,
153,cryptogon.com,,unknown,,
154,crystalair.com,,satire,,
155,dailybuzzlive.com,,fake,,
156,dailycurrant.com,,satire,,
157,dailydiscord.com,,satire,,
158,dailyheadlines.com,,fake,,
159,dailyheadlines.net,,fake,,
160,dailykos.com,,political,clickbait,credible
161,dailyleak.org,,parody,fake,
162,dailynewsbin.com,,bias,clickbait,
163,dailynewspolitic.com,,unknown,,
164,dailyoccupation.com,,conspiracy,bias,
165,dailypolitics.info,,unknown,,
166,dailypoliticsusa.com,,bias,,
167,dailysignal.com,,bias,,
168,dailysquib.co.uk,,satire,,
169,dailystormer.com,,hate,conspiracy,bias
170,dailytelegraph.com.au,,unknown,,
171,dailywire.com,,bias,,
172,dandygoat.com,,satire,,
173,darkmoon.me,,hate,bias,
174,darkpolitricks.com,,bias,conspiracy,
175,dataasylum.com,,unknown,,
176,DaveJanda.com,,unreliable,,
177,davidduke.com,,hate,,
178,davidstockmanscontracorner.com,,political,,
179,davidwolfe.com,,conspiracy,,
180,dcclothesline.com,,conspiracy,junkscience,
181,dcgazette.com,,fake,,
182,dcleaks.com,,unreliable,,
183,DeadLineLive.info,,unknown,,
184,DeadlyClear.wordpress.com,,unknown,,
185,debunkingskeptics.com,,unknown,,
186,defenddemocracy.press,,bias,political,
187,delectabledietofpics.net,,unknown,,
188,dennismichaellynch.com,,political,,
189,denverguardian.com,,fake,,
190,departed.co,,fake,,
191,der-postillon.com,,satire,,
192,derfmagazine.com,,satire,,
193,DeviantInvestor.com,,unknown,,
194,dineal.com,,junksci,,
195,disclose.tv,,satire,conspiracy,
196,disclosuremedia.net,,conspiracy,,
197,discoverthenetworks.org,,unknown,,
198,discovery.org,,unknown,,
199,dissentmagazine.org,,political,,
200,diversitychronicle.wordpress.com,,satire,,
201,doctorhousingbubble.com,,unknown,,
202,DollarVigilante.com,,bias,,
203,donaldtrumpnews.co,,fake,,
204,Dont-Tread-On.Me,,conspiracy,,
205,downtrend.com,,fake,satire,
206,DProgram.net,,unknown,,
207,drudgereport.com,,bias,bias,
208,drudgereport.com.co,,fake,,
209,duffleblog.com,,satire,,
210,duhprogressive.com,,satire,,
211,Dutchsinse.com,,conspiracy,,
212,EagleRising.com,,bias,clickbait,
213,EbolaHoax.com,,conspiracy,,
214,economicnoise.com,,unknown,,
215,ecowatch.com,,unknown,,
216,EdgeTraderPlus.com,,unknown,,
217,educate-yourself.org,,conspiracy,junksci,
218,educateinspirechange.org/health,,clickbait,junksci,
219,electionnightgatekeepers.com,,conspiracy,unreliable,
220,elelephantintheroom.blogspot.com,,bias,,
221,elitereaders.com,,clickbait,,
222,elkoshary.com,,satire,,
223,elmundotoday.com,,satire,,
224,embols.com,,fake,,
225,empireherald.com,,fake,satire,
226,empirenews.net,,fake,satire,
227,empiresports.co,,satire,,
228,Emptywheel.net,,political,,
229,enabon.com,,fake,,
230,endingthefed.com,,bias,,
231,endoftheamericandream.com,,unknown,,
232,endtime.com,,unknown,,
233,enduringvision.com,,fake,,
234,english.ruvr.ru,,unknown,,
235,EUTimes.net,,hate,conspiracy,
236,eutopia.buzz,,fake,satire,conspiracy
237,everydayworldnews.com,,unknown,,
238,everythingnewdaily.com,,unknown,,
239,ewao.com,,junksci,,
240,ExperimentalVaccines.org,,unknown,,
241,ExplosiveReports.Com,,unknown,,
242,Expose1933.com,,conspiracy,hate,
243,express.co.uk,,unknown,,
244,extraclubmagazine.com,,bias,clickbait,fake
245,eyeopening.info,,conspiracy,junksci,
246,fairus.org,,unknown,,
247,fakingnews.com,,fake,satire,
248,familysecuritymatters.org,,conspiracy,bias,
249,fantasticword.com,,unknown,,
250,FarmWars.info,,unknown,,
251,federalistpress.com,,bias,,
252,fellowshipoftheminds.com,,conspiracy,junksci,
253,filmsforaction.org,,political,,
254,FinancialSense.com,,unknown,,
255,FinancialSurvivalNetwork.com,,unreliable,bias,
256,firearmscoalition.org,,unknown,,
257,floridasunpost.com,,fake,satirical,
258,flyheight.com,,unknown,,
259,fmobserver.com,,satire,,
260,fognews.ru,,satire,,
261,foodbabe.com,,junksci,,
262,foreignpolicyjournal.com,,political,,
263,fort-russ.com,,unknown,,
264,fourwinds10.net,,conspiracy,junksci,
265,fprnradio.com,,conspiracy,fake,
266,freakoutnation.com,,bias,,
267,FreeBeacon.com,,bias,,
268,freedomdaily.com,,fake,,
269,FreedomForceInternational.com,,conspiracy,,
270,freedomoutpost.com,,conspiracy,bias,
271,FreedomsPhoenix.com,,bias,conspiracy,
272,freedomworks.org,,unknown,,
273,FreemansPerspective.com,,unknown,,
274,freepatriot.org,,satire,,
275,FreeStateProject.org,,unknown,,
276,freewoodpost.com,,satire,,
277,fridaymash.com,,satire,,
278,fromthetrenchesworldreport.com,,conspiracy,junksci,bias
279,frontpagemag.com,,bias,hate,
280,FTMDaily.com,,unknown,,
281,FullSpectrumDominance.com,,unknown,,
282,fusion.net,,political,,
283,gaia.com,,conspiracy,junksci,
284,gainspainscapital.com,,unknown,,
285,galacticconnection.com,,junksci,,
286,gangstergovernment.com,,conspiracy,bias,
287,GATA.org,,unknown,,
288,gatesofvienna.net,,hate,conspiracy,
289,geoengineeringwatch.org,,junksci,conspiracy,
290,geopolmonitor.com,,political,,
291,GlobalEconomicAnalysis.com,,unknown,,
292,globalresearch.ca,,conspiracy,,
293,GlobalWealthProtection.com,,unknown,,
294,GloomBoomDoom.com,,unknown,,
295,glossynews.com,,satire,,
296,godlikeproductions.com,,conspiracy,,
297,GoldBroker.com,,unknown,,
298,GoldCore.com,,unknown,,
299,GoldMoney.com,,unknown,,
300,GoldSeek.com,,unknown,,
301,GoldSilver.com,,unknown,,
302,GoldSilverBitcoin.com,,unknown,,
303,GoldSilverWorlds.com,,unknown,,
304,GoldSwitzerland.com,,unknown,,
305,golemxiv.co.uk,,unknown,,
306,gomerblog.com,,satire,,
307,goneleft.com,,fake,,
308,GonzaloLira.Blogspot.com,,unknown,,
309,gopthedailydose.com,,fake,conspiracy,bias
310,govtslaves.info,,conspiracy,,
311,greanvillepost.com,,conspiracy,,
312,GreenMedInfo.com,,unknown,,
313,guardianlv.com,,political,,
314,guccifer2.wordpress.com,,unreliable,,
315,gulagbound.com,,bias,,
316,hangthebankers.com,,bias,conspiracy,
317,healthimpactnews.com,,junksci,bias,
318,healthnutnews.com,,junksci,,
319,healthy-holistic-living.com,,unknown,,
320,heamericanconservative.com,,unknown,,
321,heartland.org,,unknown,,
322,heatst.com,,bias,,
323,helastlineofdefense.org,,unknown,,
324,HendersonLeftHook.wordpress.com,,unknown,,
325,henrymakow.com,,fake,conspiracy,
326,herebel.media.com,,unknown,,
327,heresyblog.net,,bias,conspiracy,rumor
328,heritage.org,,unknown,,
329,holyobserver.com,,satire,,
330,horowitzfreedomcenter.org,,unknown,,
331,HowToVanish.com,,unknown,,
332,hudson.org,,unknown,,
333,humansarefree.com,,conspiracy,,
334,humortimes.com,,satire,,
335,huzlers.com,,satire,,
336,ibankcoin.com/flyblog/,,unknown,,
337,icr.org,,unknown,,
338,ifyouonlynews.com,,unreliable,satire,
339,ihavethetruth.com,,bias,clickbait,fake
340,ijr.com,,bias,unreliable,
341,illuminati-news.com,,unknown,,
342,ilovemyfreedom.org,,bias,clickbait,
343,in5d.com,,junksci,,
344,indiaarising.com,,clickbait,unreliable,
345,infiniteunknown.net,,unknown,,
346,informationclearinghouse.info,,conspiracy,unreliable,
347,informetoday.com,,bias,unreliable,
348,infostormer.com,,fake,hate,conspiracy
349,infowars.com,,conspiracy,,
350,instaworldnews.com,,bias,,
351,intellihub.com,,conspiracy,unreliable,
352,InternationalMan.com,,unknown,,
353,intrendtoday.com,,fake,clickbait,
354,intrepidreport.com,,bias,,
355,investmentresearchdynamics.com,,conspiracy,,
356,investmentwatchblog.com,,bias,fake,
357,ironictimes.com,,satire,,
358,islamicanews.com,,satire,,
359,itaglive.com,,fake,,
360,ITCCS.org,,unknown,,
361,ItMakesSenseBlog.com,,fake,,
362,iwanttoexplore.com,,fake,,
363,jackpineradicals.com,,political,,
364,jacobinmag.com,,political,,
365,jamesrgrangerjr.com,,bias,,
366,jessescrossroadscafe.blogspot.com,,unknown,,
367,jesus-is-savior.com,,conspiracy,,
368,jewsnews.co.il,,unreliable,bias,clickbait
369,jihadwatch.org,,unknown,,
370,JohnGaltfla.com,,unknown,,
371,johngaltfla.com/wordpress,,unknown,,
372,johnnyrobish.com,,satire,,
373,jonesreport.com,,conspiracy,,
374,jookos.com,,unknown,,
375,journal-neo.org,,bias,,
376,JSMineset.com,,unknown,,
377,judicialwatch.org,,unknown,,
378,katehon.com,,bias,,
379,katehon.org,,unknown,,
380,"Kauilapele,com",,unknown,,
381,kereport.com,,unknown,,
382,kingworldnews.com,,unknown,,
383,knowledgeoftoday.org,,unknown,,
384,landoverbaptist.org,,satire,,
385,LaRouchePac.com,,unknown,,
386,leap2020.eu,,unknown,,
387,legorafi.fr,,unknown,,
388,lewrockwell.com,,bias,unreliable,
389,LFB.org,,unknown,,
390,lfb.org,,unknown,,
391,liberalamerica.org,,clickbait,bias,
392,liberalbias.com,,satire,,
393,liberaldarkness.com,,satire,fake,
394,libertyblitzkrieg.com,,fake,,
395,libertyfederation.com,,hate,,
396,libertymovementradio.com,,conspiracy,,
397,libertynews.com,,unreliable,bias,
398,libertytalk.fm,,conspiracy,,
399,libertyunyielding.com,,bias,,
400,libertyvideos.org,,conspiracy,,
401,libertywritersnews.com,,clickbait,bias,unreliable
402,lifeandabout.com,,bias,,
403,lifenews.com,,bias,clickbait,
404,lifeprevention.com,,junksci,,
405,lifesitenews.com,,clickbait,bias,
406,lifezette.com,,clickbait,,
407,lightlybraisedturnip.com,,unknown,,
408,liveactionnews.org,,bias,,
409,livefreelivenatural.com,,malware warning,,
410,livevote.com,,clickbait,,
411,lushforlife.com,,satire,,
412,Mad-Yet.blogspot.com,,unknown,,
413,madpatriots.com,,unreliable,clickbait,
414,madworldnews.com,,unreliable,clickbait,
415,madworldnews.com,,unreliable,hate,
416,magafeed.com,,rumor,bias,
417,makeamericagreattoday.com,,bias,fake,
418,MarketDailyNews.com,,unknown,,
419,MarketOracle.co.uk,,unknown,,
420,marshallreport.com,,unknown,,
421,MaxKeiser.com,,unknown,,
422,mediamass.net,,fake,,
423,mediazone.news,,rumor,unreliable,
424,megafreshnews.com,,rumor,,
425,megynkelly.us,,fake,,
426,MemoryHoleBlog.com,,unknown,,
427,MilesFranklin.com,,unknown,,
428,militianews.com,,conspiracy,bias,hate
429,MineWeb.com,,unknown,,
430,mintpressnews.com,,political,,
431,Mises.ca,,unknown,,
432,molonlabemedia.com,,unknown,,
433,moonofalabama.org,,bias,,
434,morningledger.com,,unknown,,
435,morningnewsusa.com,,unreliable,,
436,mpidailymagazine.com,,fake,bias,
437,mrc.org,,unknown,,
438,mrconservative.com,,fake,satire,
439,msnbc.website,,fake,,
440,MyBudget360.com,,unknown,,
441,mydailyrelaxation.com,,unknown,,
442,myfreshnews.com,,fake,bias,
443,myzonetoday.com,,fake,bias,
444,nahadaily.com,,satire,,
445,nakedcapitalism.com,,political,,
446,NarcoNews.com,,unknown,,
447,nasamoonhoax.com,,unknown,,
448,NationaLlibertyAlliance.org,,unknown,,
449,nationalreport.net,,satire,fake,
450,nationalreview.com,,unknown,,
451,NationalUFOCenter.com,,unknown,,
452,nationindistress.weebly.com,,conspiracy,,
453,nationonenews.com,,fake,conspiracy,
454,naturalblaze.com,,junksci,conspiracy,
455,naturalnews.com,,junksci,conspiracy,
456,nbc.com.co,,fake,,
457,nbcpolitics.org,,unknown,,
458,nbcpoll.com,,unknown,,
459,ncscooper.com,,satire,,
460,netdania.com,,unknown,,
461,nevo.news,,unreliable,bias,
462,newcenturytimes.com,,unreliable,bias,
463,newcoldwar.org,,political,,
464,news4ktla.com,,fake,satire,
465,newsbbc.net,,fake,,
466,newsbiscuit.com,,satire,,
467,newsbreakers.org,,satire,,
468,NewsBuster.com,,unknown,,
469,newsbuzzdaily.com,,fake,,
470,newscenterusa.com,,unknown,,
471,newscorpse.com,,bias,,
472,newsexaminer.net,,fake,satire,
473,newsfrompolitics.com,,fake,,
474,newslo.com,,fake,,
475,Newsmax.com,,unreliable,bias,
476,newsmutiny.com,,satire,fake,
477,newsninja2012.com,,bias,,
478,newsopening.com,,unknown,,
479,newstarget.com,,conspiracy,,
480,newsthump.com,,satire,,
481,newstoad.net,,satire,,
482,newswatch28.com,,fake,,
483,newswatch33.com,,fake,,
484,newswire-24.com,,rumor,unreliable,
485,newswithviews.com,,fake,conspiracy,
486,newyorker.com/humor,,satire,,
487,nodisinfo.com,,conspiracy,unreliable,
488,NomadCapitalist.com,,unknown,,
489,NomiPrins.com,,unknown,,
490,NoMoreFakeNews.com,,conspiracy,,
491,nonaiswa.org/wordpress,,unknown,,
492,northcrane.com,,unreliable,,
493,notallowedto.com,,clickbait,fake,
494,NoTime4Bull.com,,unknown,,
495,now8news.com,,fake,,
496,nowtheendbegins.com,,conspiracy,,
497,npiamerica.org,,unknown,,
498,NutritionalAnarchy.com,,unknown,,
499,nymeta.co,,clickbait,satire,
500,nyuzer.com,,unknown,,
501,oann.com,,unknown,,
502,oathkeepers.org,,unknown,,
503,objectiveministries.org,,satire,,
504,observatorial.com,,unknown,,
505,observer.com,,unknown,,
506,OCCUPY.com,,unknown,,
507,occupydemocrats.com,,clickbait,bias,unreliable
508,occupyliberals.com,,bias,clickbait,
509,odgossip.com,,unknown,,
510,off-guardian.org,,bias,conspiracy,
511,OffGridSurvival.com,,unknown,,
512,OfTwoMinds.com,,unknown,,
513,oftwominds.com,,bias,conspiracy,
514,oilgeopolitics.net,,conspiracy,,
515,onlineconservativepress.com,,fake,conspiracy,bias
516,opednews.com,,unknown,,
517,openmindmagazine.com,,bias,conspiracy,
518,orientalreview.org,,bias,conspiracy,
519,other98.com,,clickbait,bias,unreliable
520,pakalertpress.com,,fake,,
521,pamelageller.com,,conspiracy,fake,bias
522,PandaUnite.org,,unknown,,
523,patdollar.com,,bias,clickbait,
524,patriotarchives.blogspot.com,,unknown,,
525,patriotchronicle.com,,bias,clickbait,
526,patriotnewsdaily.com,,bias,,
527,patriotnewsdaily.com,,satire,,
528,patriotpost.us,,unknown,,
529,patriotrising.com,,bias,conspiracy,
530,patriotupdate.com,,bias,conspiracy,
531,paulcraigroberts.org,,bias,conspiracy,
532,PeakProsperity.com,,unknown,,
533,Perpetualassets.com,,unknown,,
534,pjmedia.com,,unknown,,
535,plata.com.mx/mplata/articulos/articles.asp,,unknown,,
536,platosguns.com,,bias,conspiracy,bias
537,policestateusa.com,,unknown,,
538,policyreview.info,,unknown,,
539,Politcalpiehole.com,,unknown,,
540,politicalblindspot.com,,conspiracy,junkscience,
541,politicalcult.com,,bias,clickbait,conspiracy
542,politicalears.com,,unreliable,clickbait,
543,politicalo.com,,fake,,
544,PoliticalPieHole.com,,unknown,,
545,politicalsitenews.com,,fake,,
546,politicaltimes.org,,unknown,,
547,PoliticalTracker.com,,unknown,,
548,politicalupdator.com,,fake,clickbait,bias
549,politicops.com,,satire,unreliable,
550,politicsbreaking.com,,unknown,,
551,politicsinformation.com,,unknown,,
552,politicsinfotoday.com,,unknown,,
553,politicsintheusa.com,,unreliable,vias,
554,politicsinusa.com,,unknown,,
555,politicususa.com,,clickbait,unreliable,
556,powerlineblog.com,,unknown,,
557,powerpoliticians.com,,unreliable,,
558,pravda.ru,,bias,rumor,conspiracy
559,pravdareport.com,,bias,rumor,conspiracy
560,prepperwebsite.com,,conspiracy,fake,
561,presidentialvoting2016.com,,political,bias,unreliable
562,press24.us,,unknown,,
563,presstv.com,,bias,unreliable,
564,presstv.ir,,bias,unreliable,
565,prisonplanet.com,,conspiracy,,
566,prisonplanet.com,,conspiracy,,
567,prisonplanet.tv,,conspiracy,,
568,prntly.com,,fake,,
569,proamericanews.com,,unknown,,
570,progressivestoday.com,,unknown,,
571,projectveritas.com,,bias,unreliable,political
572,proudcons.com,,fake,bias,
573,proudemocrat.com,,political,,
574,PublicIntelligence.net,,unknown,,
575,qpolitical.com,,bias,clickbait,
576,Radio.GoldSeek.com,,unknown,,
577,randpaulreview.com,,unknown,,
578,rawforbeauty.com,,junksci,,
579,rawstory.com,,political,clickbait,
580,rawws.com,,unknown,,
581,rbth.com,,unknown,,
582,react365.com,,fake,,
583,readconservatives.news,,bias,fake,clickbait
584,readynutrition.com,,unknown,conspiracy,
585,reagancoalition.com,,bias,fake,clickbait
586,realfarmacy.com,,junksci,conspiracy,
587,realnewsrightnow.com,,fake,satire,
588,realplanetnews.com,,junksci,,
589,realprogress.online,,unknown,,
590,realtimepolitics.com,,bias,unreliable,
591,redflagnews.com,,bias,conspiracy,unreliable
592,RedIceCreations.com,,unknown,,
593,redstate.com,,political,clickbait,
594,redstatewatcher.com,,bias,clickbait,
595,reductress.com,,satire,,
596,regated.com,,bais,,
597,remedydaily.com,,clickbait,,
598,rense.com,,conspiracy,junksci,
599,responsibletechnology.org,,junksci,,
600,returnofkings.com,,hate,,
601,revolutions2040.com,,junksci,clickbait,
602,rhotv.com,,fake,,
603,RickAckerman.com,,unknown,,
604,rickwells.us,,fake,conspiracy,
605,rightalert.com,,bias,unreliable,
606,righton.com,,unknown,,
607,RightSideNews.com,,unknown,,
608,rightwingnews.com,,bias,unreliable,
609,rilenews.com,,fake,satire,
610,rinf.com,,political,,
611,rockcitytimes.com,,satire,,
612,ronpaulinstitute.org,,political,,
613,rumormillnews.com,,conspiracy,junksci,rumor
614,RunToGold.com,,unknown,,
615,ruptly.tv,,political,,
616,russia-direct.org,,unknown,political,
617,russia-insider.com,,bias,clickbait,
618,satiratribune.com,,satire,,
619,satirewire.com,,satire,,
620,scrappleface.com,,satire,,
621,SeanKerrigan.com,,unknown,,
622,secretsofthefed.com,,conspiracy,junksci,
623,sensationalisttimes.com,,satire,,
624,sentinelblog.com,,conspiracy,junksci,
625,sgtreport.com,,unknown,,
626,shadowproof.com,,unknown,,
627,ShadowStats.com,,unknown,,
628,sheepkillers.com,,conspiracy,junksci,
629,shiftfrequency.com,,unknown,,
630,shoebat.com,,conspiracy,bias,
631,shtfplan.com,,unknown,,
632,silentmajoritypatriots.com,,unknown,,
633,Silver-Coin-Investor. com,,conspiracy,bias,unreliable
634,SilverBearCafe.com,,conspiracy,,
635,SilverDoctors.com,,conspiracy,bias,
636,SilverInvestingNews.com,,unknown,,
637,SilverSeek.com,,unknown,,
638,SilverStealers.net,,conspiracy,,
639,SilverStrategies.com,,unknown,,
640,SJLendman.Blogspot.com,,bias,,
641,skeptiko.com,,conspiracy,junksci,
642,smartknowledgeu.com/blog,,unknown,,
643,solari.com/blog,,unknown,,
644,sonsoflibertyradio.com,,conspiracy,bias,unreliable
645,sott.net,,unknown,,
646,sourceplanet.net,,unknown,,
647,southfront.org,,unknown,,
648,southweb.org,,unknown,,
649,SovereignMan.com,,unknown,,
650,speciallifeentertainment.com,,unknown,,
651,speld.nl,,unknown,,
652,spinzon.com,,unknown,,
653,sportspickle.com,,satire,,
654,sputniknews.com,,bias,state,
655,SRSroccoReport.com,,unknown,,
656,statenation.co,,unknown,,
657,STAWealth.com,,unknown,,
658,SteveQuayle.com,,unknown,,
659,stneotscitizen.com,,satire,,
660,stormcloudsgathering.com,,fake,,
661,strategic-culture.org,,unknown,,
662,stuppid.com,,satire,,
663,subjectpolitics.com,,fake,bias,
664,suggesthealthytips.com,,unknown,,
665,superstation95.com,,unknown,,
666,supremepatriot.com,,fake,bias,
667,surenews.com,,unknown,,
668,surrealscoop.com,,satire,,
669,SurvivalBlog.com,,unknown,,
670,SurvivalKnowHow.net,,unknown,,
671,survivopedia.com,,unknown,,
672,szandorblestman.com/index.php,,unknown,,
673,tap-news.com,,unknown,,
674,tdnewswire.com,,unknown,,
675,teapartyeconomist.com,,unknown,,
676,teapartytribune.com,,unknown,,
677,tellmenow.com,,unknown,,
678,TenthAmendmentCenter.com,,unknown,,
679,the-newspapers.com,,unknown,,
680,theamericancause.org,,unknown,,
681,theamericanindependent.wordpress.com,,fake,bias,
682,theamericanmirror.com,,unknown,,
683,theantimedia.org,,unknown,,
684,TheAuReport.com,,unknown,,
685,theautogear.com,,unknown,,
686,thebeaverton.com,,satire,,
687,theblaze.com,,political,clickbait,
688,thebostontribune.com,,fake,,
689,TheBRICSPost.com,,unknown,,
690,TheBrowser.com,,unknown,,
691,TheBurningPlatform.com,,unknown,,
692,thecarsmagazine.com,,unknown,,
693,thecivilian.co.nz,,unknown,,
694,thecommonsenseshow.com,,fake,conspiracy,
695,theconservativetreehouse.com,,unknown,,
696,thecontroversialfiles.net,,fake,clickbait,
697,TheCroweHouse.com,,unknown,,
698,thedailybeast.com,,political,,
699,thedailybell.com,,unknown,,
700,TheDailyCoin.org,,unknown,,
701,TheDailyCrux.com,,unknown,,
702,thedailymash.co.uk,,satire,,
703,thedailysheeple.com,,conspiracy,bias,
704,thedailywtf.com,,satire,,
705,thedemocratic.site,,unknown,,
706,theduran.com,,unreliable,,
707,theearthchild.co.za,,unknown,,
708,theeconomiccollapseblog.com,,conspiracy,bias,
709,theeventchronicle.com,,conspiracy,junksci,clickbait
710,TheExtinctionProtocol.com,,conspiracy,,
711,thefederalistpapers.org,,bias,conspiracy,
712,theforbiddenknowledge.com,,conspiracy,junksci,
713,thefreepatriot.org,,fake,bias,clickbait
714,thefreethoughtproject.com,,unreliable,conspiracy,clickbait
715,thegatewaypundit.com,,bias,conspiracy,unreliable
716,thegoldandoilguy.com/articles,,unreliable,,
717,thegoldwater.com,,unknown,,
718,thehardtimes.net,,satire,,
719,theineptowl.com,,satire,,
720,theinformedamerican.net,,unreliable,,
721,theintercept.com,,unknown,,
722,TheInternationalForecaster.com,,unknown,,
723,TheJanssenReport.net,,unknown,,
724,thelastgreatstand.com,,fake,conspiracy,bias
725,thelastlineofdefense.org,,unknown,,
726,thelibertybeacon.com,,conspiracy,junksci,bias
727,thelibertymill.com,,unreliable,bias,conspiracy
728,themadisonmisnomer.com,,satire,,
729,themideastbeast.com,,unknown,,
730,themindunleashed.com,,conspiracy,junksci,clickbait
731,themindunleashed.org,,conspiracy,junksci,clickbait
732,TheMogamboGuru.com,,unknown,,
733,themuslimissue.wordpress.com,,hate,conspiracy,
734,themznews.info,,unknown,,
735,thenewamerican.com,,unknown,,
736,thenewinquiry.com,,unknown,,
737,thenewsdoctors.com,,unknown,,
738,TheNewsFile.com,,unknown,,
739,thenewsnerd.com,,satire,,
740,theonion.com,,satire,,
741,theopenscroll.blogspot.com,,unknown,,
742,theorganicprepper.ca,,unknown,,
743,TheOutsiderClub.com,,unknown,,
744,theoxymoron.co.uk,,unknown,,
745,thepeoplescube.com,,unknown,,
746,ThePeoplesVoice.net,,unknown,,
747,thephaser.com,,conspiracy,,
748,thepoke.co.uk,,satire,,
749,thepoliticalinsider.com,,conspiracy,bias,unreliable
750,thepostemail.com,,unknown,,
751,theracketreport.com,,fake,satire,
752,therealstrategy.com,,bias,conspiracy,hate
753,therebel.media,,unknown,,
754,thereporterz.com,,fake,,
755,therightists.com,,fake,bias,
756,therightplanet.com,,unknown,,
757,therightstuff.biz,,hate,,
758,therundownlive.com,,unknown,,
759,therussophile.org,,unknown,,
760,thesaker.is,,unknown,,
761,theshovel.com.au,,satire,,
762,theskunk.org,,satire,,
763,thesleuthjournal.com,,unknown,,
764,thespoof.com,,satire,,
765,thestatelyharold.com,,satire,,
766,thetimesoftheworld.com,,satire,,
767,thetruthaboutcancer.com,,unknown,,
768,thetruthdivision.com,,fake,bias,
769,thetruthseeker.co.uk,,fake,conspiracy,junksci
770,TheTruthWins.com,,unknown,,
771,theunrealtimes.com,,satire,,
772,theuspatriot.com,,satire,fake,
773,thevalleyreport.com,,satire,,
774,TheVictoryReport.org,,unknown,,
775,thewatchtowers.com,,bias,conspiracy,clickbait
776,TheWealthWatchman.com,,unknown,,
777,theworldstyle.com,,unknown,,
778,thirdworldtraveler.com,,unknown,,
779,thisismynewworld.com,,unknown,,
780,threepercenternation.com,,fake,conspiracy,bias
781,thrivemovement.com,,unknown,,
782,TomWoods.com,,unknown,,
783,topekasnews.com,,satire,,
784,topinfopost.com,,clickbait,unreliable,conspiracy
785,topnewspolitics.com,,unknown,,
786,topratedviral.com,,unknown,,
787,toprightnews.com,,unknown,,
788,totalworldnews.com,,unknown,,
789,traderdan.com,,unknown,,
790,tradewithdave.com,,unknown,,
791,TragedyandHope.com,,unknown,,
792,trendingnewsguide.com,,unknown,,
793,trendingnewstoday.net,,unknown,,
794,tribuneherald.net,,unknown,,
795,tribunist.com,,unknown,,
796,TrueActivist.com,,clickbait,unreliable,
797,trueeconomics.blogspot.com,,unknown,,
798,truepundit.com,,bias,clickbait,
799,trumpvision365.com,,fake,,
800,trunews.com,,unknown,,
801,truthandaction.org,,bias,conspiracy,clickbait
802,truthbroadcastnetwork.com,,conspiracy,clickbait,
803,truthfeed.com,,hate,bias,conspiracy
804,truthfrequencyradio.com,,conspiracy,,
805,truthingold.com,,unknown,,
806,TruthInMedia.com,,unknown,,
807,truthkings.com,,bias,conspiracy,junksci
808,truthnetwork.com,,unknown,,
809,truthrevolt.org,,bias,hate,
810,TruthStreamMedia.com,,unknown,,
811,ttmygh.com/blog,,unknown,,
812,tunerspeed.com,,unknown,,
813,turnerradionetwork.com,,unknown,,
814,twitchy.com,,clickbait,rumor,
815,tyronetribulations.com,,unknown,,
816,ufoholic.com,,conspiracy,,
817,unclesamsmisguidedchildren.com,,bias,,
818,unconfirmedsources.com,,satire,,
819,undergroundhealth.com,,unknown,,
820,undergroundworldnews.com,,fake,conspiracy,bias
821,unionleader.com,,unknown,,
822,unitedmediapublishing.com,,fake,,
823,universepolitics.com,,unknown,,
824,unz.com,,unknown,,
825,us.blastingnews.com,,satire,unreliable,
826,usa2016elections.com,,unknown,,
827,usacoinbook.com,,unknown,,
828,usadailypolitics.com,,fake,,
829,usadailytime.com,,unknown,,
830,usahitman.com,,fake,conspiracy,
831,usainfobox.com,,unknown,,
832,usajournalist.com,,unknown,,
833,usalinepolitics.com,,unknown,,
834,usalinepoliticsnow.com,,unknown,,
835,usamagazinestudio.com,,unknown,,
836,usanews24hrs.com,,unknown,,
837,usanewsflash.com,,unknown,,
838,usanewsflash.com,,fake,bias,clickbait
839,usanewshome.com,,unknown,,
840,usanewsinsider.com,,fake,bias,clickbait
841,usanewspolitics.com,,unknown,,
842,usanewsstudio.com,,unknown,,
843,usaonlinepolitics.com,,unknown,,
844,usaonlinetoday.com,,unknown,,
845,usaphase.com,,unknown,,
846,usapoliticsdaily.com,,unknown,,
847,usapoliticsnow.com,,unknown,,
848,usapoliticstoday.com,,bias,unreliable,
849,usapoliticus.com,,unknown,,
850,usapowernews.com,,unknown,,
851,usascan.com,,unknown,,
852,usasupreme.com,,fake,,
853,usatwentyfour.com,,unknown,,
854,USAWatchdog.com,,unknown,,
855,uschronicle.com,,bias,conspiracy,hate
856,usconservativetoday.com,,fake,,
857,usdcrisis.com,,unknown,,
858,usdefensewatch.com,,unreliable,,
859,usfanzone.com,,unknown,,
860,ushealthyadvisor.com,,fake,conspiracy,junksci
861,usherald.com,,bias,conspiracy,unreliable
862,uslifetoday.com,,unknown,,
863,usmediacenter.com,,unknown,,
864,uspolitics24.com,,unknown,,
865,uspoliticslive.com,,fake,bias,conspiracy
866,usslibertyveterans.org,,unknown,,
867,UsualSuspect.net,,unknown,,
868,usuncut.com,,clickbait,bias,unreliable
869,usviewer.com,,unknown,,
870,utopiathecollapse.com,,unknown,,
871,vdare.com,,unknown,,
872,veteransnewsnow.com,,unknown,,
873,veteranstoday.com,,bias,unreliable,
874,vigilantcitizen.com,,fake,conspiracy,
875,viralliberty.com,,fake,bias,clickbait
876,viraltube.nl,,unknown,,
877,voltairenet.org,,unknown,,
878,vonpress.com,,unknown,,
879,votocrat.com,,unknown,,
880,wakeupthesheep.com,,unknown,,
881,wakingtimes.com,,unknown,,
882,wakingupwisconsin.com,,conspiracy,,
883,wallstreetexaminer.com,,unknown,,
884,WallStreetOnParade.com,,unknown,,
885,washingtonexaminer.com,,unreliable,bias,conspiracy
886,washingtonsblog.com,,bias,conspiracy,satire
887,waterfordwhispersnews.com,,satire,,
888,wb7.hk,,unknown,,
889,wealthcycles.com,,unknown,,
890,wealthwire.com,,unknown,,
891,wearechange.org,,bias,conspiracy,
892,weaselzippers.us,,unknown,,
893,webdaily.com,,fake,conspiracy,bias
894,weeklystandard.com,,unknown,,
895,weeklyworldnews.com,,fake,rumor,clickbait
896,weshapelife.org,,unknown,,
897,westernjournalism.com,,bias,clickbait,
898,whatdoesitmean.com,,conspiracy,,
899,whatreallyhappened.com,,conspiracy,rumor,
900,whitepower.com,,hate,conspiracy,bias
901,whowhatwhy.com,,unreliable,,
902,whowhatwhy.org,,,,
903,whydontyoutrythis.com,,junksci,rumor,
904,WideAwakeNews.com,,unknown,,
905,wikileaks.com,,unknown,,
906,wikileaks.org,,unknown,,
907,wikispooks.com,,unknown,,
908,WilliamBanzai7.blogspot.com,,unknown,,
909,Willyloman.wordpress.com,,conspiracy,,
910,winkprogress.com,,satire,,
911,winningdemocrats.com,,bias,unreliable,
912,witscience.org,,satire,,
913,wnd.com,,bias,clickbait,unreliable
914,WolfStreet.com,,unknown,,
915,wonkie.com,,satire,,
916,world24monitor.com,,unknown,,
917,worldcallyoutoday.com,,unknown,,
918,worlddaily.info,,unknown,,
919,worldnewsdailyreport.com,,satire,,
920,worldnewspolitics.com,,bias,,
921,worldpoliticsus.com,,fake,,
922,worldrumor.com,,fake,,
923,worldstoriestoday.com,,fake,,
924,worldtruth.tv,,conspiracy,junksci,
925,worldwidehealthy.com,,junksci,clickbait,
926,wundergroundmusic.com,,satire,,
927,www.rt.com,,state,,
928,X22Report.com,,unknown,,
929,yellowhammernews.com,,political,,
930,yesimright.com,,fake,bias,
931,Youngcons.com,,bias,unreliable,
932,yourfunpage.com,,fake,,
933,yournationnews.com,,unknown,,
934,YourNewsline.wordpress.com,,unknown,,
935,yournewswire.com,,clickbait,junksci,
936,zaytung.com,,unknown,,
937,Zengardner.com,,unknown,,
938,zerohedge.com,,conspiracy,,
939,zootfeed.com,,conspiracy,,
